Sequence,Intensity,Class
RIYF,48082 ,A
KWHV,47734 ,A
IFWR,45088 ,A
VRQW,43348 ,A
HYRI,43311 ,A
PYKV,43109 ,A
KHIR,42080 ,A
RMHN,41323 ,A
PIKL,40501 ,A
TKRI,38935 ,A
RHKT,38712 ,A
ISRC,35970 ,A
WRVP,35581 ,A
PMTR,35548 ,A
QWFK,35422 ,A
YCVK,34402 ,A
TMRK,33757 ,A
TKRS,32830 ,A
WCYR,32753 ,A
PMWN,32165 ,A
CYWQ,31673 ,B
PKWF,30691 ,B
HTYN,30645 ,B
WRFA,30526 ,B
IKQV,29934 ,B
WYRS,29825 ,B
WHIC,29799 ,B
VYKC,29757 ,B
GNYQ,29521 ,B
IAWR,29419 ,B
WSLK,29330 ,B
KGHT,28958 ,B
WYLD,28774 ,B
PHFM,28688 ,B
YQKT,28677 ,B
CFYW,28336 ,B
KSRP,28289 ,B
HAQY,28237 ,B
RHIV,28095 ,B
DWYV,27731 ,B
AHFT,27706 ,B
SLKC,27687 ,B
NRYF,27500 ,B
VQLH,27496 ,B
SRPM,27442 ,B
ITCR,27382 ,B
IQNK,27222 ,B
KYNC,27050 ,B
EDYR,27036 ,B
RPFD,26951 ,B
FLHM,26917 ,B
WLPQ,26637 ,B
YIVN,26414 ,B
NKYD,26207 ,B
TWSN,26110 ,B
RWLD,26087 ,B
YVRS,26022 ,B
CFWN,25920 ,B
IAVR,25744 ,B
NREL,25683 ,B
LPHV,25647 ,B
GERF,25611 ,B
YSFT,25465 ,B
YDFE,25399 ,B
HYPL,25342 ,B
HSRK,25198 ,B
KLMR,25184 ,B
VKWT,25048 ,B
NFKL,25014 ,B
MFNV,25005 ,B
KSTW,24965 ,B
TYKC,24956 ,B
VYRW,24693 ,B
VHMK,24663 ,B
YWEL,24644 ,B
FWTA,24609 ,B
AICH,24484 ,B
YNLK,24470 ,B
KGLQ,24442 ,B
HYVK,24414 ,B
CWKD,24361 ,B
MNYA,24356 ,B
HIPQ,24356 ,B
YPFI,24161 ,B
QRHK,24125 ,B
PWMI,24054 ,B
ERSF,24040 ,B
AWGK,23924 ,B
HLWY,23915 ,B
FWPR,23864 ,B
LCWS,23813 ,B
KNMW,23713 ,B
CVKT,23655 ,B
YNEW,23562 ,B
YTGW,23543 ,B
VLYF,23473 ,B
YMAH,23387 ,B
DKNF,23384 ,B
RLMN,23295 ,B
IMNL,23232 ,B
VKWG,23211 ,B
KPCW,23208 ,B
VYSF,23199 ,B
AWQV,23119 ,B
TYFK,23114 ,B
CWMF,23110 ,B
CHTR,22842 ,B
TVKH,22723 ,B
SFYI,22629 ,B
IANR,22621 ,B
AFKC,22591 ,B
SVHF,22580 ,B
SPQN,22561 ,B
GSHP,22532 ,B
KDWR,22436 ,B
AHYV,22425 ,B
ATHQ,22418 ,B
HMPW,22358 ,B
YRNT,22314 ,B
HWIQ,22313 ,B
KQSP,22292 ,B
MHYQ,22193 ,B
HNLY,22165 ,B
NIKG,22075 ,B
LENR,22059 ,B
DFMW,21970 ,B
QTWK,21912 ,B
NGDA,21901 ,B
QKIP,21719 ,B
SMFG,21718 ,B
MFWS,21711 ,B
DWRI,21646 ,B
CIRN,21636 ,B
ATQR,21617 ,B
IGFQ,21570 ,B
KVNS,21560 ,B
MFIW,21535 ,B
IQPK,21472 ,B
PVMT,21459 ,B
LYNF,21384 ,B
KHQG,21303 ,B
YITM,21273 ,B
RKEW,21143 ,B
CRPG,21129 ,B
MEWY,21085 ,B
MQSH,21080 ,B
AKYT,20979 ,B
AIPF,20940 ,B
LMYP,20850 ,B
CTRI,20842 ,B
KMQW,20817 ,B
GFQS,20796 ,B
LPTH,20793 ,B
WRIL,20780 ,B
AWLI,20777 ,B
HMYA,20735 ,B
IREF,20608 ,B
GLNI,20586 ,B
LFIW,20540 ,B
VDYR,20423 ,B
RNLY,20349 ,B
TWLC,20282 ,B
PRCI,20276 ,B
LYCM,20238 ,B
YSNG,20167 ,B
KSGC,20152 ,B
IMLF,20135 ,B
EQKP,20045 ,B
FHGW,20043 ,B
TMSW,19974 ,B
NMVP,19853 ,B
QKMI,19721 ,B
WHMS,19649 ,B
ICWH,19578 ,B
FHAP,19488 ,B
ICSP,19433 ,B
FWNI,19379 ,B
FSGY,19378 ,B
VAFQ,19299 ,B
NYAL,19283 ,B
DWTF,19224 ,B
SETK,19192 ,B
RANP,19180 ,B
PSHI,19115 ,B
HINM,18851 ,B
LEHG,18843 ,B
HITF,18697 ,B
MVPC,18696 ,B
RPIV,18659 ,B
LDHQ,18591 ,B
IRSA,18519 ,B
HRKG,18510 ,B
FLKD,18466 ,B
QKAM,18449 ,B
PAGW,18356 ,B
GRHA,18341 ,B
TGHR,18320 ,B
VEQF,18227 ,B
ETRC,18221 ,B
CQLI,18211 ,B
LESK,18156 ,B
ELKN,18114 ,B
SPCH,18113 ,B
MQKL,18041 ,B
MLHQ,18010 ,B
WGTS,17931 ,B
LMNV,17882 ,B
NPVY,17877 ,B
WEFM,17842 ,B
ALGH,17835 ,B
IFPK,17820 ,B
YMEQ,17656 ,B
HDKI,17654 ,B
DSIK,17621 ,B
PNAS,17541 ,B
RETN,17519 ,B
DIGR,17460 ,B
RNDT,17416 ,B
VIYE,17394 ,B
PKNM,17380 ,B
ERDY,17377 ,B
WMTG,17331 ,B
LGNP,17304 ,B
AHLD,17260 ,B
CIYW,17219 ,B
HLTY,17183 ,B
MGTR,17099 ,B
IPQY,17088 ,B
LIKA,17001 ,B
GPMF,16964 ,B
EDVY,16927 ,B
RWYP,16895 ,B
TWNY,16833 ,B
PQIL,16830 ,B
TILA,16819 ,B
LPST,16788 ,B
CWHT,16782 ,B
TCNF,16676 ,B
GRMS,16592 ,B
MLDW,16516 ,B
YCEK,16499 ,B
LICF,16492 ,B
NCLR,16437 ,B
GLQY,16431 ,B
TERL,16385 ,B
PFEY,16355 ,B
THWL,16222 ,B
NVDE,16146 ,B
ARQL,16139 ,B
DYPC,16083 ,B
PQMH,16012 ,B
QMLI,15957 ,B
NEIS,15938 ,B
IDYC,15937 ,B
MDRT,15913 ,B
MNTH,15903 ,B
GSPR,15850 ,B
NWQT,15844 ,B
HDRI,15831 ,B
VYEH,15758 ,B
FQCN,15707 ,B
PQCL,15628 ,B
CTML,15550 ,B
LGDH,15463 ,B
QMCW,15366 ,B
DMNH,15366 ,B
SIEF,15230 ,B
VYGI,15227 ,B
AGFC,15197 ,B
NSQA,15163 ,B
SGAI,15127 ,B
YMAD,15127 ,B
PNQT,15127 ,B
NMVS,15085 ,B
QAFP,15078 ,B
FHCE,15065 ,B
AHKP,15021 ,B
CWND,14964 ,B
CVFI,14917 ,B
RPNE,14902 ,B
ERPT,14890 ,B
TYQP,14711 ,B
RATN,14683 ,B
SMYT,14678 ,B
STAE,14652 ,B
GYRS,14620 ,B
WMEG,14592 ,B
FEDI,14571 ,B
ELCW,14561 ,B
INLA,14545 ,B
GWQC,14473 ,B
REML,14473 ,B
RDIP,14431 ,B
ELAV,14355 ,B
NCMW,14339 ,B
YVQD,14319 ,B
INCS,14246 ,B
SIGM,14243 ,B
MLYG,14150 ,B
EGQP,14066 ,B
FNDL,14034 ,B
WCEM,14014 ,B
HLND,13992 ,B
NVCY,13969 ,B
MGQS,13927 ,B
KPHG,13896 ,B
EVSA,13880 ,B
DARI,13815 ,B
DCNE,13790 ,B
DKMA,13723 ,B
VELG,13628 ,B
IPEY,13528 ,B
IRLD,13515 ,B
APSI,13490 ,B
TGMW,13485 ,B
WYPV,13478 ,B
NDHT,13469 ,B
AQYE,13462 ,B
SRPG,13408 ,B
CVWK,13398 ,B
SQMW,13390 ,B
ISNP,13173 ,B
RSEA,13167 ,B
SMTF,13155 ,B
KQYM,13144 ,B
ECKV,13091 ,B
DNRV,13091 ,B
SVAQ,13085 ,B
DHRQ,13076 ,B
CHNP,12937 ,B
SLAC,12928 ,B
RSYL,12860 ,B
RVWS,12809 ,B
KSYQ,12769 ,B
TNEI,12767 ,B
NKCD,12745 ,B
NDTM,12737 ,B
GQPN,12722 ,B
TKGS,12705 ,B
GQIS,12693 ,B
CAPK,12649 ,B
TNIE,12633 ,B
KCIA,12602 ,B
KYWG,12595 ,B
MNVS,12549 ,B
VLSG,12503 ,B
IWRH,12467 ,B
DSWM,12448 ,B
ASQT,12438 ,B
SNQD,12322 ,B
CTYD,12274 ,B
AKDC,12240 ,B
MRAS,12234 ,B
GSDF,12219 ,B
RYGC,12208 ,B
NRAC,12196 ,B
CERG,12189 ,B
KYLC,12136 ,B
DSTP,12083 ,B
CMIK,12069 ,B
QKIF,12063 ,B
SRIC,11867 ,B
VGHD,11864 ,B
VTQG,11863 ,B
GIEC,11851 ,B
GEHS,11829 ,B
DCFI,11824 ,B
GYSR,11790 ,B
TINA,11693 ,B
DPKQ,11672 ,B
LSEF,11556 ,B
NVLW,11540 ,B
FDTI,11538 ,B
WARG,11525 ,B
MIHD,11509 ,B
QRHN,11443 ,B
GLKF,11399 ,B
TAHP,11332 ,B
EFAI,11321 ,B
FNMI,11309 ,B
CIKQ,11257 ,B
GETH,11198 ,B
HPDV,11185 ,B
CKQM,11154 ,B
VKDC,11087 ,B
LDNI,11015 ,B
FPIE,10958 ,B
IHCY,10922 ,B
TFAK,10916 ,B
LECS,10873 ,B
RCGP,10850 ,B
LTCQ,10834 ,B
LFKA,10788 ,B
RSVH,10693 ,B
FTLI,10564 ,B
PTGM,10514 ,B
MDFV,10451 ,B
QSDI,10405 ,B
SCHI,10279 ,B
TCGR,10158 ,B
QVSA,10129 ,B
LSDC,9890 ,B
KGFE,9879 ,B
TIQK,9724 ,B
QVGA,9724 ,B
IKLG,9707 ,B
IVND,9703 ,B
NHFE,9697 ,B
VPEH,9683 ,B
SVRM,9675 ,B
TLVC,9486 ,B
CRHS,9421 ,B
CNVA,9395 ,B
EHCW,9358 ,B
CGNV,9026 ,B
WEDC,8955 ,B
AMCD,8810 ,B
FALH,8799 ,B
QEDP,8790 ,B
VECA,8696 ,B
KHCD,8684 ,B
EQTL,8593 ,B
KCIY,8572 ,B
EHGA,8392 ,B
CGNY,8357 ,B
CMNT,8345 ,B
QNDK,8239 ,B
EGCA,8000 ,B
YCNR,7952 ,B
TSVM,7808 ,B
PEDM,7782 ,B
AIGD,7781 ,B
CDAF,7648 ,B
TQPL,7638 ,B
ILCT,7338 ,B
AQGK,7285 ,B
QCDM,6947 ,B
GVMQ,6837 ,B
CAVG,6550 ,B
ACVN,6236 ,B
GYIH,6152 ,B
ECAL,6041 ,B
CNFY,5995 ,B
LSRQ,5898 ,B
CADE,5562 ,B
FVKY,5423 ,B
QSFR,5094 ,B
SCEL,4842 ,B
CYKQ,4466 ,B
SDEL,4016 ,B
NHDC,3531 ,B
KAHC,3265 ,B
SKGQ,206 ,B
ACHW,0 ,B
RYAG,0 ,B
WARM,0 ,B
KFGR,0 ,B
PFRY,0 ,B
KRSC,0 ,B
VRQK,0 ,B
ADFRK,187866 ,A
FRAEK,183979 ,A
IRGPQ,183802 ,A
FPRVG,167027 ,A
AYNRG,164885 ,A
IRFAN,161388 ,A
QYFMR,154291 ,A
DFKRI,153799 ,A
WYARP,150865 ,A
GRFDQ,150777 ,A
LARVH,148501 ,A
RTCKQ,145980 ,A
PRQHW,145453 ,A
RSYLM,144702 ,A
ALRNG,143082 ,A
IRASC,142589 ,A
VDRKT,140291 ,A
RAWKM,135013 ,A
ARFHI,134963 ,A
PYKTD,133860 ,A
AMTRQ,133644 ,A
IGRAW,131610 ,A
RWFSK,131145 ,A
WLKYI,130712 ,A
IPMVR,130289 ,A
PHWYQ,129204 ,A
YVRAF,129114 ,A
WKSPR,128755 ,A
MLWRH,128271 ,A
HRIGN,127311 ,A
WEVGR,126461 ,A
QWIVR,125618 ,A
DWRLQ,124834 ,A
PQYKE,124059 ,A
NMRHG,122769 ,A
QVARS,122094 ,A
RVSIC,121123 ,A
EKRQV,120392 ,A
MPCRF,119023 ,A
RFYQW,118932 ,A
LGCRK,118640 ,A
FVARC,117136 ,A
NMRAF,116987 ,A
YIFVK,116095 ,A
RHICQ,114957 ,A
RAIWY,114730 ,A
QVKFW,114665 ,A
YWKCG,114567 ,A
AQRGC,113965 ,A
IPKTF,113729 ,A
PLVYF,112228 ,A
RPNHV,111864 ,A
RVLWG,111365 ,A
AWKTY,109728 ,A
KAITW,109383 ,A
VMRAI,109311 ,A
TRFIC,108857 ,A
EFPWR,108837 ,A
SVCFR,108778 ,A
MRGTK,108762 ,A
PYTWA,108722 ,A
FNKPG,108492 ,A
RWFYA,108114 ,A
WKITQ,107200 ,A
PRWDN,106522 ,A
NTARY,106296 ,A
KLHAF,105473 ,A
IGSYR,104811 ,A
GMNKC,104707 ,A
KHYVI,104687 ,A
YNKST,104646 ,A
VKYFE,103542 ,A
MNRGA,103448 ,A
SMKFA,103379 ,A
KHFWQ,102487 ,A
DQWTR,102237 ,A
PVWFK,102104 ,A
PIHLY,101938 ,A
QMNTR,100652 ,A
IMHYR,100272 ,A
LRSNW,100099 ,A
FKSPL,99448 ,A
KRHPY,98247 ,A
WTQHN,98160 ,A
WLHSK,96399 ,A
KTMPY,95904 ,A
MWKDF,95537 ,A
FMHWP,95186 ,A
HWRPD,93920 ,A
PWAIV,93632 ,A
YRDIL,93004 ,A
NMKWD,92924 ,A
EHSYR,92866 ,A
YCKIL,92142 ,A
EWFTK,91912 ,A
LAMRK,91897 ,A
HMRQG,91746 ,A
DHWRT,91548 ,A
GKNSI,91468 ,A
RWEYI,91078 ,A
KSWLY,90626 ,A
WTFNP,90574 ,A
LEKHY,89965 ,A
LPFMQ,89774 ,A
LQMKF,89720 ,A
MLKQW,89593 ,A
AKSFE,89526 ,A
QRHTS,89370 ,A
WLCNR,89281 ,A
RLYFV,88986 ,A
FLRCW,87959 ,A
WYSVQ,87909 ,A
RTMIP,87649 ,A
NPFCR,87237 ,A
FMYVG,87228 ,A
GVYPL,86765 ,A
LYKTV,86587 ,A
HSNTK,85383 ,A
PAEVR,85159 ,A
AYHNW,85135 ,A
FYRGH,84892 ,A
SKIAW,84370 ,A
CSWVR,84089 ,A
TFKYS,84012 ,A
NRWDQ,83923 ,A
NIVKG,83717 ,A
KYWSQ,83428 ,A
PWGCD,82997 ,A
PGDRF,82759 ,A
LYHGF,82551 ,A
WAMHG,82168 ,A
GTRNQ,81268 ,A
YGSWV,80606 ,A
LSHFW,80406 ,A
KSYIN,80063 ,A
WYSGF,79819 ,A
FHRIE,79796 ,A
LNAWF,79693 ,A
WNHIP,79362 ,A
WQIVH,79352 ,A
YNCRP,79187 ,A
SQRYG,78915 ,A
YLHNM,78236 ,A
GAIYH,77940 ,A
VWLHM,77627 ,A
HCWVY,77326 ,A
LDKVY,76888 ,A
LAWVP,76877 ,A
AMHRV,76518 ,A
MHQYW,76474 ,A
AQYVW,75894 ,A
FGKAI,75603 ,A
FRQGN,75334 ,A
YKPTC,75220 ,A
RMGWV,74798 ,A
RSVLP,74778 ,A
ISQKE,74749 ,A
YFRSV,74484 ,A
KVFEI,74358 ,A
ARSVP,74159 ,A
AIRTC,74035 ,A
WGQAV,73817 ,A
RFQSG,73143 ,A
VMTKY,73136 ,A
RFSIG,73091 ,A
FNHVW,72967 ,A
NGIPW,72426 ,A
GAWCN,72384 ,A
RPVTI,72266 ,A
VGLKD,72240 ,A
QAGKL,72123 ,A
RKISG,71921 ,A
DKICR,71869 ,A
SHNRC,71753 ,A
FVNWT,70987 ,A
WCYST,70779 ,A
LVAQW,70648 ,A
NCDWR,70588 ,A
RWSTD,70454 ,A
SNIGK,70403 ,A
QLYIM,70031 ,A
AQGIK,69975 ,A
VCIKP,69943 ,A
TLWHP,69933 ,A
GDKWI,69569 ,A
HLTFG,69386 ,A
HSQVY,69033 ,A
RQYSD,68929 ,A
FRTCD,68283 ,A
GNKAI,68084 ,A
LWCHT,67989 ,A
PGYWD,67711 ,A
CRHNT,66725 ,A
DWRCS,66675 ,A
FNEKY,66647 ,A
YSTLW,66551 ,A
VPDRY,66257 ,A
GVFAQ,66207 ,A
GKRTH,66041 ,A
GLHFP,65905 ,A
RFHPQ,65422 ,A
IEHNR,65156 ,A
YGTLV,65081 ,A
GHIYT,64737 ,A
PVYEQ,63888 ,A
STKHL,63082 ,A
SYQWL,63059 ,A
IYANV,62632 ,A
HPTFM,62539 ,A
WDLKI,62385 ,A
LAVFP,62027 ,A
ESCPR,61939 ,A
PVIGQ,61626 ,A
LGIQW,61467 ,A
REPKT,61250 ,A
GAWND,61248 ,A
KMVQI,60936 ,A
FQSMW,60908 ,A
WTLSM,60663 ,A
FEWQT,60637 ,A
DNKWA,60453 ,A
RLKTP,60388 ,A
DPNKH,60335 ,A
VLWMD,60150 ,A
CHFTK,60121 ,A
HIWEA,59522 ,A
YCAWG,59256 ,A
SGWQT,59098 ,A
WMTVG,59067 ,A
SHQNK,59062 ,A
PYVEF,58888 ,A
WAIFL,58850 ,A
VTFQN,58321 ,A
NIPYS,58263 ,A
VGLMF,57997 ,A
GPYNT,57890 ,A
HYTVI,57635 ,A
KFETY,57463 ,A
MGLFY,57434 ,A
KAPSQ,57360 ,A
NASPF,57127 ,A
LGASY,57044 ,A
NTLSQ,56804 ,A
RNGAS,56500 ,A
TLWSP,56473 ,A
RMCPL,56456 ,A
NQWEL,56395 ,A
PNIQS,56177 ,A
TRKYG,55820 ,A
KGAFD,55541 ,A
DWLGK,55348 ,A
SKVTQ,55231 ,A
AHLFC,55062 ,A
TRDHY,55059 ,A
TIVFQ,54298 ,A
WAYTC,54071 ,A
LFYIE,54056 ,A
GQNAF,53984 ,A
NTPQH,53621 ,A
EAVYF,52688 ,A
FMSNL,52281 ,A
EWHNI,51676 ,A
RMSDL,51503 ,A
THNYP,50895 ,A
WFGED,50847 ,A
HEQIW,50619 ,A
GAVIL,50312 ,A
IAMVL,49844 ,A
GKAEL,49789 ,A
SDVRI,49749 ,A
HLYEM,49608 ,A
VYGDP,48843 ,A
AYSMP,48833 ,A
PNVST,48048 ,A
GMVCF,47592 ,A
MDCWY,47478 ,A
KLDNP,47465 ,A
HDFVQ,47218 ,A
QESRI,46792 ,A
NLWMD,46760 ,A
EYKCQ,46559 ,A
FYPSE,46421 ,A
PMASL,46233 ,A
QGYCP,45508 ,A
EIMRV,45277 ,A
SYDFP,45036 ,A
TSGYH,44969 ,A
HTGIL,44884 ,A
MSYIA,44849 ,A
IHMPN,44773 ,A
EGWTI,44414 ,A
EHMWL,44354 ,A
FAQEV,44333 ,A
NFTYE,43798 ,A
VIGEK,43699 ,A
SACKN,43675 ,A
DSNGW,43334 ,A
EFSVP,43213 ,A
PNDIY,42873 ,A
FMDVH,42803 ,A
DSFQK,42577 ,A
MVHDY,42423 ,A
NILSC,42121 ,A
ENLIK,42097 ,A
REDGH,41725 ,A
TAYQN,41722 ,A
SHAGF,41512 ,A
VFSMI,41441 ,A
SMGHA,41346 ,A
DHWSQ,41306 ,A
TFMKE,41245 ,A
RCKVA,41157 ,A
VSMKD,41099 ,A
AMTHF,40584 ,A
MDRNG,40206 ,A
MSHLV,40121 ,A
CRNGF,39876 ,A
YQTIC,39799 ,A
VMAHN,39488 ,A
EPAHY,39478 ,A
THMVF,39272 ,A
HQPAV,39175 ,A
CFGIS,39174 ,A
SKTAC,39049 ,A
AVSNG,39021 ,A
VLPEI,39003 ,A
FICMT,38652 ,A
PHIAD,38635 ,A
FNLEV,38545 ,A
VLCSN,38186 ,A
SIQAV,38137 ,A
YGCSA,38053 ,A
VMCLH,37627 ,A
AVCTY,37558 ,A
EWSMA,37468 ,A
INDYQ,37327 ,A
SETFH,37289 ,A
ASITV,36789 ,A
RKNFS,36742 ,A
PESRD,36725 ,A
FESPN,36652 ,A
GDYNA,36607 ,A
EQNHV,36430 ,A
YIEAS,36072 ,A
HSVEF,35900 ,A
TPMRD,35865 ,A
IVDYH,35461 ,A
TKCHR,35274 ,A
DCKVI,35149 ,A
YTSEA,35087 ,A
MDGPF,34958 ,A
SKCTA,34851 ,A
EDPAY,34834 ,A
KTEVN,34598 ,A
ACDWF,34239 ,A
CSVFI,34049 ,A
VPMHT,34049 ,A
TIVEF,34033 ,A
VMEIP,33832 ,A
TIGYD,33828 ,A
FDSAP,33718 ,A
YKEDL,33615 ,A
YMDIV,33540 ,A
GTNYE,33465 ,A
IMLGE,33156 ,A
TCSFY,32979 ,A
YDAGI,32898 ,A
HSEQY,32889 ,A
PCTHS,32826 ,A
GCTFD,32721 ,A
FEMNQ,31870 ,B
GSPLD,31640 ,B
HEMTP,31634 ,B
EKAYD,31553 ,B
ENKPA,31489 ,B
VGDLS,31465 ,B
FVCAE,31426 ,B
LDCHR,31421 ,B
NGITC,31334 ,B
YHCSQ,31248 ,B
DAHNV,31228 ,B
ELDKP,31215 ,B
ESFTH,31176 ,B
LGDYQ,31066 ,B
VNPSG,30782 ,B
AGEYQ,30465 ,B
MGDQY,30423 ,B
NDPAT,30391 ,B
ESLPK,30256 ,B
TNHAM,30162 ,B
HTGEY,30115 ,B
KIETD,29996 ,B
SGRED,29562 ,B
DITFC,29490 ,B
DKIQE,29236 ,B
PNEAY,28823 ,B
HSDER,28785 ,B
HVLEA,28634 ,B
TAYCN,28580 ,B
KTDVA,28494 ,B
TPMQH,28438 ,B
ESGFT,28252 ,B
EMGFY,27860 ,B
ICASV,27702 ,B
IMDTL,27638 ,B
DMGEI,27341 ,B
LIDTA,27156 ,B
NDWEC,27129 ,B
PMEAH,26825 ,B
CYGPQ,26476 ,B
TYCSL,26335 ,B
PEQVS,26220 ,B
STNQE,26044 ,B
PDVES,25502 ,B
TCIDY,25124 ,B
ELAVQ,24914 ,B
GPTEQ,24888 ,B
QEVGN,24829 ,B
EFCLG,24686 ,B
HMESQ,24645 ,B
IGCDF,24635 ,B
VCMAL,24581 ,B
SHPME,24453 ,B
PMQVE,24296 ,B
CLQAK,24237 ,B
ITLCE,23948 ,B
ESKMD,23922 ,B
DEIGR,23596 ,B
NDSEL,23419 ,B
DSPHQ,23093 ,B
GEHCF,22417 ,B
SNMVT,22302 ,B
MLDFC,22179 ,B
MDKCI,21985 ,B
IQEDV,21565 ,B
LDATS,21301 ,B
KDQEH,21114 ,B
LDEVQ,20694 ,B
DVISE,20319 ,B
ECHTF,19678 ,B
VSMTD,19482 ,B
CIHGE,19366 ,B
QSMDT,19335 ,B
MNVTC,18376 ,B
DKNIE,18233 ,B
CVLGS,18082 ,B
GDALE,17213 ,B
QDGCL,17207 ,B
NIACE,16084 ,B
CDMRL,15659 ,B
GSQMC,15424 ,B
ATCGD,14774 ,B
CQTDS,14686 ,B
CGQVE,13866 ,B
CQHTE,11826 ,B
ACPTE,11687 ,B
DHCAM,11625 ,B
CKEVD,11136 ,B
VNECG,11016 ,B
CERDG,8985 ,B
IRKYWV,262253 ,A
RCATFK,240035 ,A
HWFIRK,217072 ,A
PIYHGK,173106 ,A
PKNLWT,169727 ,A
SPRKYI,162714 ,A
RWKSFG,162118 ,A
RCMKDH,157569 ,A
PWRLQG,148099 ,A
PIRTKL,146122 ,A
WKNILP,144628 ,A
RAMYKI,141777 ,A
VAQYRK,133780 ,A
PKFGVH,133252 ,A
NWFGRK,133081 ,A
RWQFYI,133044 ,A
YCQRKA,131010 ,A
RPWYLN,130468 ,A
SKGYWR,130019 ,A
RPKNGM,127336 ,A
NKRAFL,124464 ,A
VWKLFY,119333 ,A
WNKFQS,115923 ,A
FWHMKN,115804 ,A
GYNFKL,113780 ,A
GFKSAR,112643 ,A
FCKWYT,112575 ,A
LCMRVK,109800 ,A
SAPIRK,108239 ,A
ALWMKR,107964 ,A
QMWNYK,103143 ,A
YFRHIS,100868 ,A
RLPNFW,100373 ,A
PTVRWI,100251 ,A
PKFSCA,99092 ,A
PKCMRS,98318 ,A
TYKMGW,97389 ,A
PSKWNL,95486 ,A
RPMTKL,94109 ,A
HMRFSV,92569 ,A
FHNKQS,91989 ,A
NHQAKY,91562 ,A
VTSWKA,89575 ,A
KWGVNI,87927 ,A
IQVWKG,87870 ,A
YMWRIV,86346 ,A
PNGSRK,85121 ,A
IVQHRW,83547 ,A
SKHIVY,81101 ,A
VYRHCP,79625 ,A
ACPKFH,78582 ,A
AVWIRM,77487 ,A
HIYQLR,76877 ,A
CKGYWL,76783 ,A
WYTHKF,76567 ,A
NWKGLA,76325 ,A
GTYPWI,75348 ,A
KLSIPG,75182 ,A
RPAFTY,74967 ,A
FKPMWI,74900 ,A
VFRCIK,74207 ,A
INRFLW,73161 ,A
LMIWCK,73160 ,A
QIVHRG,72001 ,A
VYKNTS,71073 ,A
HFWLQI,69564 ,A
SMRYNG,69442 ,A
TQVHKI,69253 ,A
NKQWPH,68353 ,A
YKAGMT,67149 ,A
VTYKHE,66592 ,A
QTFPWV,65967 ,A
YCWMRQ,65789 ,A
ITRYVQ,65118 ,A
GSQFLI,64681 ,A
HTQKCF,64281 ,A
LRGVQA,62763 ,A
TWFSYR,62659 ,A
TWRMYS,62654 ,A
WTICKF,62116 ,A
HGLYAV,62110 ,A
IACKVR,61725 ,A
TLAIRF,61472 ,A
FQNGRW,60804 ,A
RTLCVF,60566 ,A
LRQYWE,60315 ,A
FYIVTA,59621 ,A
KTGAYC,58661 ,A
GCANVK,57943 ,A
IKGTMR,57688 ,A
FGWVQM,57342 ,A
IFERHW,57211 ,A
CVKRML,56773 ,A
LQSMKA,56578 ,A
IAWSQL,56484 ,A
WLHIFN,56469 ,A
RWDYIT,56392 ,A
SYKTLW,56209 ,A
HQSWNY,55884 ,A
PKTAMQ,55256 ,A
PMTCVK,55088 ,A
AMFWQY,55011 ,A
VQRAYS,54252 ,A
KIYELM,53703 ,A
DYAMKW,53566 ,A
YEGRWL,53480 ,A
NSFLRY,53179 ,A
VDQRIW,53049 ,A
DKLPWS,52586 ,A
VFTLAR,52453 ,A
MYAWVL,51771 ,A
SKYLRP,51519 ,A
NRHFLG,51274 ,A
MGFRTN,51188 ,A
GYMIQH,50471 ,A
VISGHY,50359 ,A
CAVSRY,50095 ,A
TPYHFL,49736 ,A
KVMAPQ,49702 ,A
YHKAVD,49380 ,A
CGIARW,48471 ,A
LMFAHS,48456 ,A
QTVKIG,48105 ,A
VFILNT,48042 ,A
FGERYQ,47953 ,A
LKFVEC,47706 ,A
VGFCIK,47631 ,A
KHPNSR,47308 ,A
RMNLDK,47226 ,A
TFWPIY,47140 ,A
WTQFVM,46922 ,A
PFYTVE,46876 ,A
HMSITW,46807 ,A
ALDFYN,46710 ,A
DSPKNW,46376 ,A
DNYVFQ,45688 ,A
FYAQMV,45130 ,A
GWQMSL,45032 ,A
VGYLAR,44513 ,A
WSQFTY,44385 ,A
SPQRTH,44248 ,A
RCIQMP,44083 ,A
VGWFHE,43418 ,A
FARVQI,43109 ,A
HIFSVP,43106 ,A
SKVQAG,42981 ,A
WQTYSP,42960 ,A
DYKLGM,42947 ,A
DQYAIF,42627 ,A
RNWPCV,42570 ,A
CSWHFV,42535 ,A
SHRCAY,42355 ,A
YKELQH,42179 ,A
AYFELP,42155 ,A
GPHRTV,42069 ,A
LFEKCG,41984 ,A
RWPGCH,41957 ,A
IRPCFV,41823 ,A
YHIWVD,41561 ,A
EKRLNC,41458 ,A
LVCIPF,41330 ,A
KSPIQC,41165 ,A
SPNMHT,41055 ,A
GAFKRE,41025 ,A
FVCWAN,40875 ,A
WQTYCG,40811 ,A
PGYVIE,40676 ,A
YDMWHQ,40620 ,A
GEFYNT,40605 ,A
WGMTLQ,40431 ,A
SCYKVM,40380 ,A
FHGEKI,40181 ,A
LNGRYQ,40142 ,A
SLNAKV,40040 ,A
HTYKSE,39820 ,A
NVAKSM,39806 ,A
ALRTNS,39791 ,A
NKSDWA,39735 ,A
NKCTGP,39694 ,A
QYETLW,39302 ,A
TFWHQE,39302 ,A
SDPFVQ,39093 ,A
MAIVRY,39041 ,A
IMLDAW,38886 ,A
FGVYNE,38480 ,A
KTNVQD,38062 ,A
SYATFE,37650 ,A
KCSQVW,37456 ,A
DYEWNQ,37239 ,A
MTNQHF,37110 ,A
KYIQCE,37016 ,A
LYIFNP,36890 ,A
YTPKFE,36826 ,A
DPRAMF,36695 ,A
TDILSW,36692 ,A
EKCIGF,36622 ,A
CHIWTY,36535 ,A
SVLAWM,36097 ,A
FHRLEI,35783 ,A
DSCARY,35646 ,A
TGICFA,35593 ,A
PTYSQA,35496 ,A
FQRDKN,35432 ,A
KQDHPL,35319 ,A
DTQWVK,35313 ,A
RDTFYS,35278 ,A
HYEPIQ,35231 ,A
DRIWKE,35157 ,A
SYAVDH,35132 ,A
WFCGIA,35107 ,A
DWLIHT,35060 ,A
SPNMWT,34850 ,A
WQAGSR,34711 ,A
SFLIPM,34649 ,A
AHSYER,34598 ,A
VGYLNC,34497 ,A
TVIMPY,34455 ,A
EIRPSK,34437 ,A
GQFRPY,34414 ,A
QPNRSH,34175 ,A
YPWSDN,34166 ,A
NAYCLH,34139 ,A
KPSDRM,34076 ,A
GDFEQH,34065 ,A
IMCYTA,34014 ,A
FPMCVL,33828 ,A
EPYQCR,33395 ,A
DIEYFN,33295 ,A
DGFSYE,33167 ,A
QRMVIN,33062 ,A
NFPTRL,32857 ,A
HMRWSE,32765 ,A
TIKEAS,32729 ,A
PITRQN,32563 ,A
GAVHTC,32099 ,B
WHPLQD,32087 ,B
IAPCVR,31984 ,B
QEDSGW,31968 ,B
ILCDHV,31966 ,B
EKIAQH,31933 ,B
DFWYIC,31928 ,B
ILFPMA,31924 ,B
MCIYPA,31793 ,B
RSFEPH,31706 ,B
KNHRDM,31673 ,B
PGSFNH,31555 ,B
YCEDRK,31493 ,B
WNPVYQ,31359 ,B
TNDSRI,31341 ,B
EINAHV,31306 ,B
NFSEWT,31246 ,B
EYDPQW,31237 ,B
AIDGWL,31226 ,B
YCHDSA,31146 ,B
VDSYHK,31145 ,B
FPTVCW,30940 ,B
AVWNED,30834 ,B
NQECHL,30812 ,B
PNMGIR,30747 ,B
IFGEPH,30598 ,B
LGQFSC,30489 ,B
ETSDNY,30414 ,B
AMTSKQ,30240 ,B
CWDYRM,30216 ,B
VEPFCW,30169 ,B
QMFTCV,30140 ,B
EPYIRM,29983 ,B
LFCNIH,29789 ,B
CIEFVP,29484 ,B
ECFIAN,29441 ,B
THCNQW,29380 ,B
QLEKFS,29340 ,B
IHWMQD,29101 ,B
EHCIFS,29054 ,B
QDTSWY,29053 ,B
YWNEGS,28897 ,B
QFSDRV,28874 ,B
VGHTYM,28835 ,B
SFNQDT,28785 ,B
YLVEGW,28661 ,B
HWNGDL,28657 ,B
QSFTCH,28577 ,B
QCYPAV,28550 ,B
PHGFER,28504 ,B
HRQTMN,28223 ,B
TFQRAG,28103 ,B
HTGYVD,27842 ,B
RADGYT,27430 ,B
IQYFEW,27332 ,B
DNRTAP,27268 ,B
WQICDV,27201 ,B
YWRPLN,27022 ,B
HWSCRE,26957 ,B
CYEWFD,26896 ,B
SYLMPT,26864 ,B
QYNMIA,26768 ,B
WHTGEL,26751 ,B
LMANPV,26651 ,B
QEKFIC,26578 ,B
HLDMCW,26415 ,B
TKCGVN,26390 ,B
KEDCPM,26342 ,B
IDQFWT,26270 ,B
CLEFSM,26260 ,B
VFTNER,25987 ,B
EQKAVG,25886 ,B
PAHRLD,25705 ,B
HDRMWS,25673 ,B
ISQGVC,25547 ,B
EVSAPT,25541 ,B
SDVYQN,25419 ,B
GSAELV,25392 ,B
VLYGES,25308 ,B
PERDFY,25189 ,B
FLGQVM,25172 ,B
CTNSML,25000 ,B
CIMDVK,24899 ,B
HKIRDA,24791 ,B
MICNGT,24776 ,B
CGAPHI,24732 ,B
YHQMDG,24724 ,B
MSTKAP,24526 ,B
ERGIDW,24477 ,B
WEGLVM,24349 ,B
RGNMDT,24294 ,B
ACHNQR,24229 ,B
YCDMVF,24220 ,B
WCDNAP,24174 ,B
GVTIPD,24166 ,B
DAFCGW,24122 ,B
TDGQSE,24024 ,B
NYWCPR,23771 ,B
YDAGRN,23733 ,B
SWYQAT,23690 ,B
NGQPRL,23647 ,B
HLDYFN,23637 ,B
KEPMWC,23566 ,B
CVFQAD,23558 ,B
GSENIR,23492 ,B
YQFGMS,23446 ,B
SMLYEK,23444 ,B
DTLICK,23284 ,B
VCEGKQ,23275 ,B
VYCSRD,23059 ,B
LCVNTF,23055 ,B
QVLEMF,22969 ,B
LYMIAN,22742 ,B
VCLSGP,22652 ,B
MAPGEQ,22504 ,B
HGYPDI,22502 ,B
CSMLEH,22446 ,B
GHCILQ,22395 ,B
QFVGMD,22269 ,B
CVFLGQ,22228 ,B
YQCVGI,22107 ,B
AEIHNS,22074 ,B
FNGYED,22024 ,B
LEGDPA,21978 ,B
EPTYSG,21780 ,B
FLGERH,21762 ,B
DMLRCS,21732 ,B
YDIHLV,21643 ,B
DPTSRG,21638 ,B
GHYQDP,21619 ,B
AMGSLR,21413 ,B
PAKEQD,21299 ,B
MRQFSD,21164 ,B
NECQTY,21094 ,B
NFRPGD,21069 ,B
CVFSAN,21014 ,B
LQHADW,20992 ,B
QPHCMA,20771 ,B
LCTRSD,20705 ,B
KDATSN,20669 ,B
KAQMCE,20630 ,B
CSYMAN,20509 ,B
APFIND,20493 ,B
MGRDSQ,20492 ,B
TAWKVD,20455 ,B
TVLFEC,20400 ,B
NEDCAF,20266 ,B
EYTPSR,20227 ,B
SQCFVG,20205 ,B
SQMGER,20079 ,B
YINCGT,20041 ,B
FDESAN,19935 ,B
EKCDRA,19921 ,B
MESLWR,19897 ,B
CMEPHG,19891 ,B
EWKNLD,19788 ,B
ATGWDH,19630 ,B
HLQTEI,19594 ,B
DEKQPM,19471 ,B
SRAMDK,19450 ,B
GEVCAH,19414 ,B
QCKLMD,19162 ,B
CEPFHL,18880 ,B
PSDQGL,18655 ,B
QVTLNH,18632 ,B
AETLCY,18620 ,B
VAETWP,18583 ,B
QEHPLV,18505 ,B
HWDTQI,18353 ,B
YDQMTP,18292 ,B
MGNDPF,18242 ,B
MDYKGS,18240 ,B
MLVAEF,18070 ,B
CLSNKE,18067 ,B
DMREVW,18017 ,B
QTIACP,17970 ,B
FVNDET,17871 ,B
SCAIMG,17826 ,B
LDVYCP,17764 ,B
NFTACY,17710 ,B
CRMEIL,17684 ,B
DHATRN,17556 ,B
MSEVTA,17544 ,B
MAWPEL,17513 ,B
PTGCNL,17360 ,B
CSTGFI,16960 ,B
ACPLVD,16928 ,B
PMQDEA,16572 ,B
TGVASP,16425 ,B
RCQPWD,16311 ,B
QSMTEY,16134 ,B
PRSDAE,16061 ,B
MDKEHV,15941 ,B
HAQPIT,15894 ,B
CVHQDW,15456 ,B
AGDSTV,15381 ,B
IKGCEM,15319 ,B
DHERGN,15190 ,B
NHDCGM,14841 ,B
ARGCPD,14822 ,B
NGIVTM,14818 ,B
CPERNM,14594 ,B
DNVMKG,14503 ,B
TKPFME,14106 ,B
SMQNRE,13879 ,B
DFKPQA,13874 ,B
QERNIS,13666 ,B
CFPAGT,13276 ,B
NGTVEL,13089 ,B
VTNCDM,12934 ,B
HPDTAN,12874 ,B
MDRHIE,12554 ,B
CNPDRI,12421 ,B
EFHCPQ,12174 ,B
TANQEC,12159 ,B
QMTEDL,11668 ,B
ECSATQ,11203 ,B
TFREQA,10734 ,B
SVDNYP,10499 ,B
NGEAKC,10036 ,B
MVCASN,9768 ,B
YIDSAC,9674 ,B
ATMRPE,9528 ,B
SMYREA,9289 ,B
CSAQYT,9232 ,B
CERMTI,5724 ,B
AESFNKR,157255 ,A
QIRKNWA,130258 ,A
RPFKQLI,117045 ,A
RPKAYGV,116032 ,A
HNIYRPT,111182 ,A
RMVKHDA,109732 ,A
HKARIEL,108658 ,A
PHQIMRK,107673 ,A
ANRFYSH,106909 ,A
PMYQRHK,106883 ,A
VRKDMWS,105953 ,A
RIMPKAV,104054 ,A
PLENRSY,102602 ,A
PNRHIEK,101837 ,A
HFQARNI,101573 ,A
MRCDAYK,99636 ,A
YWLEKRM,99500 ,A
VYKQRGM,99434 ,A
KARFISG,99414 ,A
HVTMFKY,99038 ,A
PLWAIKN,96807 ,A
FTWNISR,96241 ,A
GFWRDKS,95525 ,A
ATRLMIF,94361 ,A
GWFSQHR,94110 ,A
RSIHWAM,94050 ,A
KINRCQH,93516 ,A
GCWTRPA,93477 ,A
WACVRTS,93094 ,A
IWRNYQE,92471 ,A
QAMRWNT,89520 ,A
PSFWKQH,88999 ,A
YPHVRLF,88222 ,A
VNAFLQK,88214 ,A
KFVCRSA,87798 ,A
RKHTWIQ,86735 ,A
RWVLIKF,86623 ,A
PFLTSYI,86397 ,A
GQDISRK,85511 ,A
VWRNYCA,85200 ,A
VSRIYDQ,85022 ,A
FWLHYKM,83506 ,A
ECKVRMI,82110 ,A
IFSKQHY,82084 ,A
YIFRMVT,81720 ,A
LQWKFMV,80009 ,A
TLKFYPH,79786 ,A
MTFGWKI,79470 ,A
GKHQINW,79300 ,A
RHINFWA,79237 ,A
FLSNRHC,79080 ,A
GVCRDKL,78979 ,A
PHKSWIT,77561 ,A
HEKRGLQ,77434 ,A
TRVQHLF,76274 ,A
PNAHQFK,76193 ,A
LQSRVFI,75984 ,A
RAHYDQW,75755 ,A
TFRGKEN,75301 ,A
PSAQKHC,74918 ,A
NFKTMVY,74500 ,A
ALWRCMS,73358 ,A
AKLPISF,73012 ,A
EWFYKPD,72347 ,A
RMSDYKT,72066 ,A
RCQKGWE,72060 ,A
RFVSLIM,71965 ,A
RIMHKAE,71959 ,A
KTRWFSG,71814 ,A
KDMQRTL,71547 ,A
QHYNRDG,70885 ,A
WETGIFR,70223 ,A
AIFKPQE,69315 ,A
PQFDVRA,68927 ,A
WPQRNGF,67609 ,A
HRELPIY,67273 ,A
VFSRLTM,66520 ,A
YDAFTWR,66418 ,A
AKVQYLD,66281 ,A
STFHRAN,66111 ,A
DKLRSPT,65855 ,A
SMVRPLW,65399 ,A
KQLVHMD,65223 ,A
RYCMLHE,65174 ,A
KWYEPTG,65072 ,A
YGKSFRP,64496 ,A
WQREPHG,64316 ,A
HLWRYPC,64222 ,A
FQETWRI,64052 ,A
KWTHLPR,63998 ,A
FRSAPHD,63464 ,A
PQFWVMY,63459 ,A
RIQVTFK,63205 ,A
RDLHTQY,63166 ,A
RVPNEKH,63058 ,A
DNSPRFC,63002 ,A
QLSRTPN,62970 ,A
WFPKIAD,62537 ,A
LYIVATF,62283 ,A
YALIVGK,62175 ,A
GHYQTVF,62171 ,A
PAHQFRC,62106 ,A
TFHSREG,61739 ,A
PCINFQL,61672 ,A
LWHCPMK,61023 ,A
ILDTRNW,60955 ,A
KSWQPVH,60806 ,A
HYCKEML,60577 ,A
KLGNPRV,60283 ,A
ISPFWKE,60214 ,A
PGVYTSF,60014 ,A
FRQIPAL,60000 ,A
ARYLQPC,59911 ,A
VSIQRNC,59643 ,A
IKVLEWG,59411 ,A
IQPCYLW,59072 ,A
FYGEPKQ,58882 ,A
SYDRHFV,58871 ,A
QHMLPFY,58657 ,A
TCIVPKY,58553 ,A
LKEFQIG,58489 ,A
FQCKLEI,58479 ,A
NRLKWIG,57997 ,A
SQFRWPL,57768 ,A
CYRVWPT,57716 ,A
CDFKGRY,57292 ,A
YGVLAMR,56503 ,A
QWEHVYK,56431 ,A
YSCKPLQ,55986 ,A
LRVSNMQ,55009 ,A
NAFPYHW,54942 ,A
WYTNKHP,54572 ,A
YQAMFWL,54369 ,A
KWQNGYI,54176 ,A
FCREIVH,53978 ,A
TMAWILY,53786 ,A
IWRPGDV,53264 ,A
CRWQMIT,52892 ,A
MNQKEVR,52852 ,A
NFTYWHA,52845 ,A
RNQTSDW,52771 ,A
FIYCPSN,52760 ,A
RMFCYGD,52615 ,A
PGRATEL,52564 ,A
SVILPFY,51985 ,A
HFMCYSW,51944 ,A
MLIYSAN,51727 ,A
LKSGPMQ,51425 ,A
WAELRVT,51402 ,A
VAWQIDR,51384 ,A
LWNPMQY,51052 ,A
HIWFMLN,50564 ,A
DAWCPSF,50509 ,A
FYCNLHA,50324 ,A
QFKMSVP,49706 ,A
NHWCMKT,49511 ,A
VSYHICP,49373 ,A
VDMNRIL,49256 ,A
LQHIVGT,49189 ,A
LQKMSPC,49028 ,A
SRPCHYA,48929 ,A
MIPAFVC,48877 ,A
YKNSVID,48801 ,A
VWYDHMI,48404 ,A
QEHAIFR,48364 ,A
GWYQMLE,48208 ,A
PKDVTQH,47569 ,A
DQRVSYM,47264 ,A
PMTIVGL,47203 ,A
DVHWKMS,46826 ,A
WMGFYVC,46815 ,A
GKHWQVL,46758 ,A
PSKQAWN,46752 ,A
VMRSECK,46293 ,A
EWKANHP,46293 ,A
DRHIQTS,46008 ,A
QDHLTWR,45908 ,A
GKHCFAY,45571 ,A
VNQAFTG,45249 ,A
RPQNIGS,45111 ,A
VWFIPDM,45049 ,A
EIHWYSA,44865 ,A
IMGQPFA,44781 ,A
IWTDHPF,44740 ,A
ESLKWVT,44719 ,A
NLREGCQ,44655 ,A
NVHYGME,44270 ,A
AMTWLIQ,44257 ,A
FEVYHAN,44188 ,A
EHYARDI,44176 ,A
MSQTLFY,43975 ,A
DWKFNCG,43917 ,A
WRYSMNG,43773 ,A
QDAHNSR,43674 ,A
WCNKVET,43555 ,A
WQFIYCE,43298 ,A
SRQTWCD,43170 ,A
LIVAPQH,43145 ,A
KEHTFPQ,42905 ,A
DMRHGNV,42892 ,A
GFWDTIY,42691 ,A
MDFPYNW,42630 ,A
MTLNFQS,42599 ,A
GQDKRTC,42296 ,A
NMCPYVI,42144 ,A
DQGVMPR,42099 ,A
MQRSEFV,42081 ,A
FPGMVWS,42046 ,A
QRYIEMC,41983 ,A
WVGEIHN,41980 ,A
GTYWSAD,41837 ,A
CGQRAMH,41582 ,A
GAMTKQN,41148 ,A
CWHSPNK,41091 ,A
YSHEIWL,41047 ,A
QEHFVWL,40991 ,A
LMHPYQG,40824 ,A
NGEQKSY,40794 ,A
EPGTVRM,40707 ,A
WGLSCDM,40668 ,A
FIYECDP,40618 ,A
FLIEHQC,40617 ,A
MVPRDSF,40538 ,A
SNPTIYG,40287 ,A
PDWNLIG,40266 ,A
RHSVTKP,39851 ,A
KVEPFWT,39844 ,A
NAWLYEC,39817 ,A
WTLQVFE,39640 ,A
QKNCFGI,39545 ,A
ERHSMGL,39513 ,A
EDQSWYK,39399 ,A
ANRGPIL,39349 ,A
LFWCAGP,39341 ,A
GWEAKDF,39277 ,A
LFWVEMS,39255 ,A
KNLQDIF,39215 ,A
VKPENGF,39208 ,A
MHVGFLN,39206 ,A
FCLIVAH,39179 ,A
MNQLSKP,39014 ,A
LKMEWAT,38966 ,A
YPAHDGQ,38952 ,A
RSTDNLA,38915 ,A
GWPLEKS,38843 ,A
GWKMDLH,38798 ,A
LQCAMVF,38777 ,A
GQSIDFR,38517 ,A
IFQDEAK,38396 ,A
DNGHTLK,38254 ,A
PICHVND,38084 ,A
THNESRL,37815 ,A
FNERTCV,37754 ,A
QSFATPG,37674 ,A
EFQMAWY,37420 ,A
YIERDFS,37342 ,A
SHFDTYG,37241 ,A
SLGATRE,37097 ,A
TGKLEQY,36968 ,A
WNLHAPC,36638 ,A
SKIGPMF,36503 ,A
RFPQHDI,36407 ,A
CPGRHND,36401 ,A
QMFVGTI,36337 ,A
SKGLAVT,36255 ,A
VKSDMHQ,36038 ,A
RTGDCWI,35962 ,A
ELSYPCI,35952 ,A
VAGWCQK,35701 ,A
LYHCMEI,35606 ,A
SNWGMQA,35231 ,A
HGCFTWP,35079 ,A
TLQNDFW,35000 ,A
ELNYTQP,34958 ,A
AITMQFN,34772 ,A
KRMPVWF,34664 ,A
QCKWEYF,34639 ,A
HTMERIN,34491 ,A
SDIYGHA,34486 ,A
DVKSNIQ,34444 ,A
FVADPNL,34415 ,A
EIRMQHC,34143 ,A
FMQATLG,34041 ,A
IWMEASL,33932 ,A
WNLDVAY,33817 ,A
EPDIANK,33684 ,A
CDPNHRW,33544 ,A
AYLGPMT,33435 ,A
TVASYLG,33351 ,A
SCPLFKR,33072 ,A
KDHYIWC,32878 ,A
CILNMKF,32718 ,A
DIERSTW,32655 ,A
IMWAGND,32651 ,A
TFNAIML,32625 ,A
DICFNYA,32585 ,A
EVQAIKS,32121 ,B
GPNLHDS,32083 ,B
YCELIAP,31827 ,B
HNTVWEF,31335 ,B
RMEHIPC,31261 ,B
NDKCGTY,31010 ,B
DNSPYTG,31006 ,B
MVIQYPT,30991 ,B
MHQTIYE,30949 ,B
TDNKSFM,30908 ,B
EMWYSHA,30634 ,B
PDAGIYW,29927 ,B
KGMFTPE,29880 ,B
GRFSNVA,29802 ,B
DMSIPNL,29653 ,B
QSFHVDE,29605 ,B
WSYEVNC,29454 ,B
DSGIFQH,29340 ,B
GKDIMWT,29279 ,B
IDTFASH,29235 ,B
VDGIYTA,28917 ,B
HTIGMAL,28910 ,B
GYHPCVN,28681 ,B
HCSYQKM,28530 ,B
NSDAGEF,28509 ,B
TKWGMEN,28322 ,B
RGTYCQS,28215 ,B
AEHCMRL,28165 ,B
GWLPDKC,28114 ,B
HDRCMSI,27785 ,B
PKSHGDC,27715 ,B
VAERHCY,26840 ,B
GVHDMIY,26692 ,B
HCELMFQ,26630 ,B
EFNDWKT,26452 ,B
SCKNPRA,26403 ,B
WCLAMGE,26350 ,B
QFEKVTS,26108 ,B
AMSWVCQ,26052 ,B
FVTPEGY,25946 ,B
INTCSAW,25647 ,B
VPMAYHD,25624 ,B
GLDAVFS,25541 ,B
FNPTLQC,25515 ,B
MGADRVS,25369 ,B
CRGEVAN,25264 ,B
KCDNFSG,25122 ,B
MLDTCYR,25084 ,B
WKCNEDY,25076 ,B
NQDAELP,25034 ,B
QVEIWTP,25026 ,B
EHCWGMP,24992 ,B
QWPLSNT,24707 ,B
CHSLIKY,24444 ,B
CDFGIRT,24301 ,B
DHLYSAE,24201 ,B
EKTGWMD,24167 ,B
EDLHVNI,24053 ,B
MSLTGEW,23954 ,B
IEYVDWL,23723 ,B
PDMHWEL,23697 ,B
DLPCMAW,23574 ,B
LDAWHEK,23282 ,B
SPMDEYW,23179 ,B
RDISNAC,23119 ,B
YSRCMNK,23062 ,B
DTKYVAE,22898 ,B
DRHNCEF,22761 ,B
ENDHVYA,22688 ,B
QMPKHNE,22572 ,B
LDQFGCP,22479 ,B
MEHTLNP,22299 ,B
LGIDSEW,22190 ,B
LCQNTKA,22147 ,B
EKDWPCR,21933 ,B
MWKNTDE,21721 ,B
GVEDMIK,21696 ,B
SENALID,21538 ,B
RDVGMSC,21462 ,B
DYECKWQ,21117 ,B
GPENWSH,20993 ,B
CSHLYPM,20729 ,B
FDHMPSE,20695 ,B
CIHKERW,20397 ,B
WPCMILE,20298 ,B
CNIEGWY,20093 ,B
QVIEHAW,20016 ,B
AEQYDVF,19984 ,B
TCIPDSW,19943 ,B
NKCELPM,19908 ,B
AEPMQVL,19845 ,B
FECVTMP,19758 ,B
FPCKEMG,19723 ,B
QVRCEPS,19533 ,B
TLDFECW,19179 ,B
HNPQFCM,19130 ,B
ATGLDKS,18716 ,B
ADMWQYH,18469 ,B
VEFMGIC,18409 ,B
HPDRECF,18307 ,B
QLFPEMA,18130 ,B
CKYDLFN,17930 ,B
HVLQDTA,17928 ,B
TAHVLMC,17701 ,B
SYHECVP,17681 ,B
GSLQIND,17596 ,B
CRVSEIG,17533 ,B
TDEHNVG,17330 ,B
SVGLEWM,17321 ,B
SAYCKNR,16764 ,B
PHMIESC,16715 ,B
CQDHFSK,16706 ,B
IQEVNFC,16579 ,B
EVDLHYA,16526 ,B
YRHLCIA,16099 ,B
NDQESCT,15917 ,B
WDAITMQ,15584 ,B
TAIDMVQ,15321 ,B
TVPDHGN,15129 ,B
SFLPNDC,15003 ,B
CHQDEWG,14973 ,B
SRDATCH,14863 ,B
FTMLPDS,14706 ,B
QFCTEGW,14502 ,B
QDTCNPY,14383 ,B
EPLTQNC,14090 ,B
HEMCKDG,14024 ,B
GKPDIMC,14006 ,B
QVCLMYE,13991 ,B
GCHENAQ,13865 ,B
CDRAWSE,13830 ,B
QPICMHS,13396 ,B
SNERCQH,13307 ,B
DSYNCLV,13217 ,B
DTVGEIA,12971 ,B
MTRNEPC,12348 ,B
EKQLNDM,12240 ,B
LMTIVDC,12035 ,B
CDNELPK,11827 ,B
AGRVCME,11753 ,B
HGDSCPN,11605 ,B
AHCGQTD,11417 ,B
SCDLMRE,11297 ,B
ICNHMGE,10997 ,B
DCELVGK,10747 ,B
LGCHAPE,10659 ,B
DTCHARE,10622 ,B
SARCETD,10169 ,B
EWTCQDY,9981 ,B
MSHGACD,9633 ,B
CMTLAHI,8845 ,B
VKTMDAC,8606 ,B
CRTEIYH,8526 ,B
RSQHTCF,8514 ,B
AEYQCMT,8130 ,B
DCEMVPN,7934 ,B
ESCAMHI,7238 ,B
DQAICTE,6767 ,B
NQMGECA,5931 ,B
PGDMSEC,4962 ,B
CVYDHWA,4499 ,B
TNDVLCH,4271 ,B
RHCDQNK,2810 ,B
CAHEDSN,0 ,B